{"mean":{"confidence_interval":{"confidence_level":0.95,"lower_bound":0.9338127843284413,"upper_bound":0.9366002833746967},"point_estimate":0.9349201422106544,"standard_error":0.0007364458583480228},"median":{"confidence_interval":{"confidence_level":0.95,"lower_bound":0.9332760650854582,"upper_bound":0.9336595776556118},"point_estimate":0.9335122775623153,"standard_error":0.00011136976473558773},"median_abs_dev":{"confidence_interval":{"confidence_level":0.95,"lower_bound":0.0004880084382216564,"upper_bound":0.0008649749747789907},"point_estimate":0.0006761482143667842,"standard_error":0.00009781623823856868},"slope":{"confidence_interval":{"confidence_level":0.95,"lower_bound":0.9336675718519983,"upper_bound":0.9369136068645417},"point_estimate":0.9348127591040098,"standard_error":0.00089286318791229},"std_dev":{"confidence_interval":{"confidence_level":0.95,"lower_bound":0.001469989732463236,"upper_bound":0.01215288311332954},"point_estimate":0.0074242694788563945,"standard_error":0.003160463079176589}}