{"mean":{"confidence_interval":{"confidence_level":0.95,"lower_bound":0.9450564412814093,"upper_bound":0.9663468930905131},"point_estimate":0.954895946399171,"standard_error":0.005474538429313035},"median":{"confidence_interval":{"confidence_level":0.95,"lower_bound":0.9335294089867116,"upper_bound":0.9344042008146313},"point_estimate":0.9337783913971206,"standard_error":0.00023503129479549793},"median_abs_dev":{"confidence_interval":{"confidence_level":0.95,"lower_bound":0.0008286527146905419,"upper_bound":0.0021390628878826556},"point_estimate":0.001201428385249681,"standard_error":0.0003469017888530348},"slope":{"confidence_interval":{"confidence_level":0.95,"lower_bound":0.9348085627183116,"upper_bound":0.9390090268101393},"point_estimate":0.9365601801959128,"standard_error":0.001080920310872395},"std_dev":{"confidence_interval":{"confidence_level":0.95,"lower_bound":0.036747690732365494,"upper_bound":0.07031427379339088},"point_estimate":0.05495872757386498,"standard_error":0.008575085153166013}}