{"mean":{"confidence_interval":{"confidence_level":0.95,"lower_bound":1.0548174960884278,"upper_bound":1.0563768048321016},"point_estimate":1.0554809911396983,"standard_error":0.00040260358371314636},"median":{"confidence_interval":{"confidence_level":0.95,"lower_bound":1.054415017647614,"upper_bound":1.0548745082513902},"point_estimate":1.054632841879656,"standard_error":0.00012126439526988313},"median_abs_dev":{"confidence_interval":{"confidence_level":0.95,"lower_bound":0.0007801903557930631,"upper_bound":0.0014374611256890652},"point_estimate":0.0011028938781051912,"standard_error":0.0001690276426953737},"slope":{"confidence_interval":{"confidence_level":0.95,"lower_bound":1.0548150758019115,"upper_bound":1.0555832617047316},"point_estimate":1.0551837742467,"standard_error":0.00019638608030455267},"std_dev":{"confidence_interval":{"confidence_level":0.95,"lower_bound":0.0012561655885494015,"upper_bound":0.0062608827410209995},"point_estimate":0.004067764990634725,"standard_error":0.0013519764024205463}}